Row-number,IATI-XML,IATI-Section,IATI-Item,Proposed-IATI-Field,Proposed-HXL-Hashtag,Proposed-Database-Field,Notes
1,iati-activities,iati-activities,,,,,
2,iati-activities/@version,,version,,,,
3,iati-activities/@generated-datetime,,generated-datetime,,,,
4,iati-activities/@linked-data-default,,linked-data-default,,,,
5,iati-activities/iati-activity,iati-activity,,,,,
6,iati-activities/iati-activity/@last-updated-datetime,,last-updated-datetime,,,,
7,iati-activities/iati-activity/@xml:lang,,xml:lang,,,,
8,iati-activities/iati-activity/@default-currency,,default-currency,,,,
9,iati-activities/iati-activity/@humanitarian,,humanitarian,,,,
10,iati-activities/iati-activity/@hierarchy,,hierarchy,,,,
11,iati-activities/iati-activity/@linked-data-uri,,linked-data-uri,,,,
12,iati-activities/iati-activity/@budget-not-provided,,budget-not-provided,,,,
13,iati-activities/iati-activity/iati-identifier,iati-identifier,,,,,
14,iati-activities/iati-activity/iati-identifier/text(),,,,,,
15,iati-activities/iati-activity/reporting-org,reporting-org,,,,,
16,iati-activities/iati-activity/reporting-org/@ref,,ref,,,,
17,iati-activities/iati-activity/reporting-org/@type,,type,,,,
18,iati-activities/iati-activity/reporting-org/@secondary-reporter,,secondary-reporter,,,,
19,iati-activities/iati-activity/reporting-org/narrative,,narrative,,,,
20,iati-activities/iati-activity/reporting-org/narrative/text(),,,,,,
21,iati-activities/iati-activity/reporting-org/narrative/@xml:lang,,xml:lang,,,,
22,iati-activities/iati-activity/title,title,,,,,
23,iati-activities/iati-activity/title/narrative,,narrative,,,,
24,iati-activities/iati-activity/title/narrative/text(),,,,,,
25,iati-activities/iati-activity/title/narrative/@xml:lang,,xml:lang,,,,
26,iati-activities/iati-activity/description,description,,,,,
27,iati-activities/iati-activity/description/@type,,type,,,,
28,iati-activities/iati-activity/description/narrative,,narrative,,,,
29,iati-activities/iati-activity/description/narrative/text(),,,,,,
30,iati-activities/iati-activity/description/narrative/@xml:lang,,xml:lang,,,,
31,iati-activities/iati-activity/participating-org,participating-org,,,,,
32,iati-activities/iati-activity/participating-org/@ref,,ref,,,,
33,iati-activities/iati-activity/participating-org/@type,,type,,,,
34,iati-activities/iati-activity/participating-org/@role,,role,,,,
35,iati-activities/iati-activity/participating-org/@activity-id,,activity-id,,,,
36,iati-activities/iati-activity/participating-org/@crs-channel-code,,crs-channel-code,,,,
37,iati-activities/iati-activity/participating-org/narrative,,narrative,,,,
38,iati-activities/iati-activity/participating-org/narrative/text(),,,,,,
39,iati-activities/iati-activity/participating-org/narrative/@xml:lang,,xml:lang,,,,
40,iati-activities/iati-activity/other-identifier,other-identifier,,,,,
41,iati-activities/iati-activity/other-identifier/@ref,,ref,,,,
42,iati-activities/iati-activity/other-identifier/@type,,type,,,,
43,iati-activities/iati-activity/other-identifier/owner-org,,owner-org,,,,
44,iati-activities/iati-activity/other-identifier/owner-org/@ref,,ref,,,,
45,iati-activities/iati-activity/other-identifier/owner-org/narrative,,narrative,,,,
46,iati-activities/iati-activity/other-identifier/owner-org/narrative/text(),,,,,,
47,iati-activities/iati-activity/other-identifier/owner-org/narrative/@xml:lang,,xml:lang,,,,
48,iati-activities/iati-activity/activity-status,activity-status,,,,,
49,iati-activities/iati-activity/activity-status/@code,,code,,,,
50,iati-activities/iati-activity/activity-date,activity-date,,,,,
51,iati-activities/iati-activity/activity-date/@type,,type,,,,
52,iati-activities/iati-activity/activity-date/@iso-date,,iso-date,,,,
53,iati-activities/iati-activity/activity-date/narrative,,narrative,,,,
54,iati-activities/iati-activity/activity-date/narrative/text(),,,,,,
55,iati-activities/iati-activity/activity-date/narrative/@xml:lang,,xml:lang,,,,
56,iati-activities/iati-activity/contact-info,contact-info,,,,,
57,iati-activities/iati-activity/contact-info/@type,,type,,,,
58,iati-activities/iati-activity/contact-info/organisation,,organisation,,,,
59,iati-activities/iati-activity/contact-info/organisation/narrative,,narrative,,,,
60,iati-activities/iati-activity/contact-info/organisation/narrative/text(),,,,,,
61,iati-activities/iati-activity/contact-info/organisation/narrative/@xml:lang,,xml:lang,,,,
62,iati-activities/iati-activity/contact-info/department,,department,,,,
63,iati-activities/iati-activity/contact-info/department/narrative,,narrative,,,,
64,iati-activities/iati-activity/contact-info/department/narrative/text(),,,,,,
65,iati-activities/iati-activity/contact-info/department/narrative/@xml:lang,,xml:lang,,,,
66,iati-activities/iati-activity/contact-info/person-name,,person-name,,,,
67,iati-activities/iati-activity/contact-info/person-name/narrative,,narrative,,,,
68,iati-activities/iati-activity/contact-info/person-name/narrative/text(),,,,,,
69,iati-activities/iati-activity/contact-info/person-name/narrative/@xml:lang,,xml:lang,,,,
70,iati-activities/iati-activity/contact-info/job-title,,job-title,,,,
71,iati-activities/iati-activity/contact-info/job-title/narrative,,narrative,,,,
72,iati-activities/iati-activity/contact-info/job-title/narrative/text(),,,,,,
73,iati-activities/iati-activity/contact-info/job-title/narrative/@xml:lang,,xml:lang,,,,
74,iati-activities/iati-activity/contact-info/telephone,,telephone,,,,
75,iati-activities/iati-activity/contact-info/telephone/text(),,,,,,
76,iati-activities/iati-activity/contact-info/email,,email,,,,
77,iati-activities/iati-activity/contact-info/email/text(),,,,,,
78,iati-activities/iati-activity/contact-info/website,,website,,,,
79,iati-activities/iati-activity/contact-info/website/text(),,,,,,
80,iati-activities/iati-activity/contact-info/mailing-address,,mailing-address,,,,
81,iati-activities/iati-activity/contact-info/mailing-address/narrative,,narrative,,,,
82,iati-activities/iati-activity/contact-info/mailing-address/narrative/text(),,,,,,
83,iati-activities/iati-activity/contact-info/mailing-address/narrative/@xml:lang,,xml:lang,,,,
84,iati-activities/iati-activity/activity-scope,activity-scope,,,,,
85,iati-activities/iati-activity/activity-scope/@code,,code,,,,
86,iati-activities/iati-activity/recipient-country,recipient-country,,,,,
87,iati-activities/iati-activity/recipient-country/@code,,code,,,,
88,iati-activities/iati-activity/recipient-country/@percentage,,percentage,,,,
89,iati-activities/iati-activity/recipient-country/narrative,,narrative,,,,
90,iati-activities/iati-activity/recipient-country/narrative/text(),,,,,,
91,iati-activities/iati-activity/recipient-country/narrative/@xml:lang,,xml:lang,,,,
92,iati-activities/iati-activity/recipient-region,recipient-region,,,,,
93,iati-activities/iati-activity/recipient-region/@code,,code,,,,
94,iati-activities/iati-activity/recipient-region/@vocabulary,,vocabulary,,,,
95,iati-activities/iati-activity/recipient-region/@vocabulary-uri,,vocabulary-uri,,,,
96,iati-activities/iati-activity/recipient-region/@percentage,,percentage,,,,
97,iati-activities/iati-activity/recipient-region/narrative,,narrative,,,,
98,iati-activities/iati-activity/recipient-region/narrative/text(),,,,,,
99,iati-activities/iati-activity/recipient-region/narrative/@xml:lang,,xml:lang,,,,
100,iati-activities/iati-activity/location,location,,,,,
101,iati-activities/iati-activity/location/@ref,,ref,,,,
102,iati-activities/iati-activity/location/location-reach,,location-reach,,,,
103,iati-activities/iati-activity/location/location-reach/@code,,code,,,,
104,iati-activities/iati-activity/location/location-id,,location-id,,,,
105,iati-activities/iati-activity/location/location-id/@code,,code,,,,
106,iati-activities/iati-activity/location/location-id/@vocabulary,,vocabulary,,,,
107,iati-activities/iati-activity/location/name,,name,,,,
108,iati-activities/iati-activity/location/name/narrative,,narrative,,,,
109,iati-activities/iati-activity/location/name/narrative/text(),,,,,,
110,iati-activities/iati-activity/location/name/narrative/@xml:lang,,xml:lang,,,,
111,iati-activities/iati-activity/location/description,,description,,,,
112,iati-activities/iati-activity/location/description/narrative,,narrative,,,,
113,iati-activities/iati-activity/location/description/narrative/text(),,,,,,
114,iati-activities/iati-activity/location/description/narrative/@xml:lang,,xml:lang,,,,
115,iati-activities/iati-activity/location/activity-description,,activity-description,,,,
116,iati-activities/iati-activity/location/activity-description/narrative,,narrative,,,,
117,iati-activities/iati-activity/location/activity-description/narrative/text(),,,,,,
118,iati-activities/iati-activity/location/activity-description/narrative/@xml:lang,,xml:lang,,,,
119,iati-activities/iati-activity/location/administrative,,administrative,,,,
120,iati-activities/iati-activity/location/administrative/@code,,code,,,,
121,iati-activities/iati-activity/location/administrative/@vocabulary,,vocabulary,,,,
122,iati-activities/iati-activity/location/administrative/@level,,level,,,,
123,iati-activities/iati-activity/location/point,,point,,,,
124,iati-activities/iati-activity/location/point/@srsName,,srsName,,,,
125,iati-activities/iati-activity/location/point/pos,,pos,,,,
126,iati-activities/iati-activity/location/exactness,,exactness,,,,
127,iati-activities/iati-activity/location/exactness/@code,,code,,,,
128,iati-activities/iati-activity/location/location-class,,location-class,,,,
129,iati-activities/iati-activity/location/location-class/@code,,code,,,,
130,iati-activities/iati-activity/location/feature-designation,,feature-designation,,,,
131,iati-activities/iati-activity/location/feature-designation/@code,,code,,,,
132,iati-activities/iati-activity/sector,sector,,,,,
133,iati-activities/iati-activity/sector/@vocabulary,,vocabulary,,,,
134,iati-activities/iati-activity/sector/@vocabulary-uri,,vocabulary-uri,,,,
135,iati-activities/iati-activity/sector/@code,,code,,,,
136,iati-activities/iati-activity/sector/@percentage,,percentage,,,,
137,iati-activities/iati-activity/sector/narrative,,narrative,,,,
138,iati-activities/iati-activity/sector/narrative/text(),,,,,,
139,iati-activities/iati-activity/sector/narrative/@xml:lang,,xml:lang,,,,
140,iati-activities/iati-activity/tag,tag,,,,,
141,iati-activities/iati-activity/tag/@code,,code,,,,
142,iati-activities/iati-activity/tag/@vocabulary,,vocabulary,,,,
143,iati-activities/iati-activity/tag/@vocabulary-uri,,vocabulary-uri,,,,
144,iati-activities/iati-activity/tag/narrative,,narrative,,,,
145,iati-activities/iati-activity/tag/narrative/text(),,,,,,
146,iati-activities/iati-activity/tag/narrative/@xml:lang,,xml:lang,,,,
147,iati-activities/iati-activity/country-budget-items,country-budget-items,,,,,
148,iati-activities/iati-activity/country-budget-items/@vocabulary,,vocabulary,,,,
149,iati-activities/iati-activity/country-budget-items/budget-item,,budget-item,,,,
150,iati-activities/iati-activity/country-budget-items/budget-item/@code,,code,,,,
151,iati-activities/iati-activity/country-budget-items/budget-item/@percentage,,percentage,,,,
152,iati-activities/iati-activity/country-budget-items/budget-item/description,,description,,,,
153,iati-activities/iati-activity/country-budget-items/budget-item/description/narrative,,narrative,,,,
154,iati-activities/iati-activity/country-budget-items/budget-item/description/narrative/text(),,,,,,
155,iati-activities/iati-activity/country-budget-items/budget-item/description/narrative/@xml:lang,,xml:lang,,,,
156,iati-activities/iati-activity/humanitarian-scope,humanitarian-scope,,,,,
157,iati-activities/iati-activity/humanitarian-scope/@type,,type,,,,
158,iati-activities/iati-activity/humanitarian-scope/@vocabulary,,vocabulary,,,,
159,iati-activities/iati-activity/humanitarian-scope/@vocabulary-uri,,vocabulary-uri,,,,
160,iati-activities/iati-activity/humanitarian-scope/@code,,code,,,,
161,iati-activities/iati-activity/humanitarian-scope/narrative,,narrative,,,,
162,iati-activities/iati-activity/humanitarian-scope/narrative/text(),,,,,,
163,iati-activities/iati-activity/humanitarian-scope/narrative/@xml:lang,,xml:lang,,,,
164,iati-activities/iati-activity/policy-marker,policy-marker,,,,,
165,iati-activities/iati-activity/policy-marker/@vocabulary,,vocabulary,,,,
166,iati-activities/iati-activity/policy-marker/@vocabulary-uri,,vocabulary-uri,,,,
167,iati-activities/iati-activity/policy-marker/@code,,code,,,,
168,iati-activities/iati-activity/policy-marker/@significance,,significance,,,,
169,iati-activities/iati-activity/policy-marker/narrative,,narrative,,,,
170,iati-activities/iati-activity/policy-marker/narrative/text(),,,,,,
171,iati-activities/iati-activity/policy-marker/narrative/@xml:lang,,xml:lang,,,,
172,iati-activities/iati-activity/collaboration-type,collaboration-type,,,,,
173,iati-activities/iati-activity/collaboration-type/@code,,code,,,,
174,iati-activities/iati-activity/default-flow-type,default-flow-type,,,,,
175,iati-activities/iati-activity/default-flow-type/@code,,code,,,,
176,iati-activities/iati-activity/default-finance-type,default-finance-type,,,,,
177,iati-activities/iati-activity/default-finance-type/@code,,code,,,,
178,iati-activities/iati-activity/default-aid-type,default-aid-type,,,,,
179,iati-activities/iati-activity/default-aid-type/@code,,code,,,,
180,iati-activities/iati-activity/default-aid-type/@vocabulary,,vocabulary,,,,
181,iati-activities/iati-activity/default-tied-status,default-tied-status,,,,,
182,iati-activities/iati-activity/default-tied-status/@code,,code,,,,
183,iati-activities/iati-activity/budget,budget,,,,,
184,iati-activities/iati-activity/budget/@type,,type,,,,
185,iati-activities/iati-activity/budget/@status,,status,,,,
186,iati-activities/iati-activity/budget/period-start,,period-start,,,,
187,iati-activities/iati-activity/budget/period-start/@iso-date,,iso-date,,,,
188,iati-activities/iati-activity/budget/period-end,,period-end,,,,
189,iati-activities/iati-activity/budget/period-end/@iso-date,,iso-date,,,,
190,iati-activities/iati-activity/budget/value,,value,,,,
191,iati-activities/iati-activity/budget/value/@currency,,currency,,,,
192,iati-activities/iati-activity/budget/value/@value-date,,value-date,,,,
193,iati-activities/iati-activity/planned-disbursement,planned-disbursement,,,,,
194,iati-activities/iati-activity/planned-disbursement/@type,,type,,,,
195,iati-activities/iati-activity/planned-disbursement/period-start,,period-start,,,,
196,iati-activities/iati-activity/planned-disbursement/period-start/@iso-date,,iso-date,,,,
197,iati-activities/iati-activity/planned-disbursement/period-end,,period-end,,,,
198,iati-activities/iati-activity/planned-disbursement/period-end/@iso-date,,iso-date,,,,
199,iati-activities/iati-activity/planned-disbursement/value,,value,,,,
200,iati-activities/iati-activity/planned-disbursement/value/@currency,,currency,,,,
201,iati-activities/iati-activity/planned-disbursement/value/@value-date,,value-date,,,,
202,iati-activities/iati-activity/planned-disbursement/provider-org,,provider-org,,,,
203,iati-activities/iati-activity/planned-disbursement/provider-org/@ref,,ref,,,,
204,iati-activities/iati-activity/planned-disbursement/provider-org/@provider-activity-id,,provider-activity-id,,,,
205,iati-activities/iati-activity/planned-disbursement/provider-org/@type,,type,,,,
206,iati-activities/iati-activity/planned-disbursement/provider-org/narrative,,narrative,,,,
207,iati-activities/iati-activity/planned-disbursement/provider-org/narrative/text(),,,,,,
208,iati-activities/iati-activity/planned-disbursement/provider-org/narrative/@xml:lang,,xml:lang,,,,
209,iati-activities/iati-activity/planned-disbursement/receiver-org,,receiver-org,,,,
210,iati-activities/iati-activity/planned-disbursement/receiver-org/@ref,,ref,,,,
211,iati-activities/iati-activity/planned-disbursement/receiver-org/@receiver-activity-id,,receiver-activity-id,,,,
212,iati-activities/iati-activity/planned-disbursement/receiver-org/@type,,type,,,,
213,iati-activities/iati-activity/planned-disbursement/receiver-org/narrative,,narrative,,,,
214,iati-activities/iati-activity/planned-disbursement/receiver-org/narrative/text(),,,,,,
215,iati-activities/iati-activity/planned-disbursement/receiver-org/narrative/@xml:lang,,xml:lang,,,,
216,iati-activities/iati-activity/capital-spend,capital-spend,,,,,
217,iati-activities/iati-activity/capital-spend/@percentage,,percentage,,,,
218,iati-activities/iati-activity/transaction,transaction,,,,,
219,iati-activities/iati-activity/transaction/@ref,,ref,,,,
220,iati-activities/iati-activity/transaction/@humanitarian,,humanitarian,,,,
221,iati-activities/iati-activity/transaction/transaction-type,,transaction-type,,,,
222,iati-activities/iati-activity/transaction/transaction-type/@code,,code,,,,
223,iati-activities/iati-activity/transaction/transaction-date,,transaction-date,,,,
224,iati-activities/iati-activity/transaction/transaction-date/@iso-date,,iso-date,,,,
225,iati-activities/iati-activity/transaction/value,,value,,,,
226,iati-activities/iati-activity/transaction/value/@currency,,currency,,,,
227,iati-activities/iati-activity/transaction/value/@value-date,,value-date,,,,
228,iati-activities/iati-activity/transaction/description,,description,,,,
229,iati-activities/iati-activity/transaction/description/narrative,,narrative,,,,
230,iati-activities/iati-activity/transaction/description/narrative/text(),,,,,,
231,iati-activities/iati-activity/transaction/description/narrative/@xml:lang,,xml:lang,,,,
232,iati-activities/iati-activity/transaction/provider-org,,provider-org,,,,
233,iati-activities/iati-activity/transaction/provider-org/@ref,,ref,,,,
234,iati-activities/iati-activity/transaction/provider-org/@provider-activity-id,,provider-activity-id,,,,
235,iati-activities/iati-activity/transaction/provider-org/@type,,type,,,,
236,iati-activities/iati-activity/transaction/provider-org/narrative,,narrative,,,,
237,iati-activities/iati-activity/transaction/provider-org/narrative/text(),,,,,,
238,iati-activities/iati-activity/transaction/provider-org/narrative/@xml:lang,,xml:lang,,,,
239,iati-activities/iati-activity/transaction/receiver-org,,receiver-org,,,,
240,iati-activities/iati-activity/transaction/receiver-org/@ref,,ref,,,,
241,iati-activities/iati-activity/transaction/receiver-org/@receiver-activity-id,,receiver-activity-id,,,,
242,iati-activities/iati-activity/transaction/receiver-org/@type,,type,,,,
243,iati-activities/iati-activity/transaction/receiver-org/narrative,,narrative,,,,
244,iati-activities/iati-activity/transaction/receiver-org/narrative/text(),,,,,,
245,iati-activities/iati-activity/transaction/receiver-org/narrative/@xml:lang,,xml:lang,,,,
246,iati-activities/iati-activity/transaction/disbursement-channel,,disbursement-channel,,,,
247,iati-activities/iati-activity/transaction/disbursement-channel/@code,,code,,,,
248,iati-activities/iati-activity/transaction/sector,,sector,,,,
249,iati-activities/iati-activity/transaction/sector/@vocabulary,,vocabulary,,,,
250,iati-activities/iati-activity/transaction/sector/@vocabulary-uri,,vocabulary-uri,,,,
251,iati-activities/iati-activity/transaction/sector/@code,,code,,,,
252,iati-activities/iati-activity/transaction/sector/narrative,,narrative,,,,
253,iati-activities/iati-activity/transaction/sector/narrative/text(),,,,,,
254,iati-activities/iati-activity/transaction/sector/narrative/@xml:lang,,xml:lang,,,,
255,iati-activities/iati-activity/transaction/recipient-country,,recipient-country,,,,
256,iati-activities/iati-activity/transaction/recipient-country/@code,,code,,,,
257,iati-activities/iati-activity/transaction/recipient-country/narrative,,narrative,,,,
258,iati-activities/iati-activity/transaction/recipient-country/narrative/text(),,,,,,
259,iati-activities/iati-activity/transaction/recipient-country/narrative/@xml:lang,,xml:lang,,,,
260,iati-activities/iati-activity/transaction/recipient-region,,recipient-region,,,,
261,iati-activities/iati-activity/transaction/recipient-region/@code,,code,,,,
262,iati-activities/iati-activity/transaction/recipient-region/@vocabulary,,vocabulary,,,,
263,iati-activities/iati-activity/transaction/recipient-region/@vocabulary-uri,,vocabulary-uri,,,,
264,iati-activities/iati-activity/transaction/recipient-region/narrative,,narrative,,,,
265,iati-activities/iati-activity/transaction/recipient-region/narrative/text(),,,,,,
266,iati-activities/iati-activity/transaction/recipient-region/narrative/@xml:lang,,xml:lang,,,,
267,iati-activities/iati-activity/transaction/flow-type,,flow-type,,,,
268,iati-activities/iati-activity/transaction/flow-type/@code,,code,,,,
269,iati-activities/iati-activity/transaction/finance-type,,finance-type,,,,
270,iati-activities/iati-activity/transaction/finance-type/@code,,code,,,,
271,iati-activities/iati-activity/transaction/aid-type,,aid-type,,,,
272,iati-activities/iati-activity/transaction/aid-type/@code,,code,,,,
273,iati-activities/iati-activity/transaction/aid-type/@vocabulary,,vocabulary,,,,
274,iati-activities/iati-activity/transaction/tied-status,,tied-status,,,,
275,iati-activities/iati-activity/transaction/tied-status/@code,,code,,,,
276,iati-activities/iati-activity/document-link,document-link,,,,,
277,iati-activities/iati-activity/document-link/@url,,url,,,,
278,iati-activities/iati-activity/document-link/@format,,format,,,,
279,iati-activities/iati-activity/document-link/title,,title,,,,
280,iati-activities/iati-activity/document-link/title/narrative,,narrative,,,,
281,iati-activities/iati-activity/document-link/title/narrative/text(),,,,,,
282,iati-activities/iati-activity/document-link/title/narrative/@xml:lang,,xml:lang,,,,
283,iati-activities/iati-activity/document-link/description,,description,,,,
284,iati-activities/iati-activity/document-link/description/narrative,,narrative,,,,
285,iati-activities/iati-activity/document-link/description/narrative/text(),,,,,,
286,iati-activities/iati-activity/document-link/description/narrative/@xml:lang,,xml:lang,,,,
287,iati-activities/iati-activity/document-link/category,,category,,,,
288,iati-activities/iati-activity/document-link/category/@code,,code,,,,
289,iati-activities/iati-activity/document-link/language,,language,,,,
290,iati-activities/iati-activity/document-link/language/@code,,code,,,,
291,iati-activities/iati-activity/document-link/document-date,,document-date,,,,
292,iati-activities/iati-activity/document-link/document-date/@iso-date,,iso-date,,,,
293,iati-activities/iati-activity/related-activity,related-activity,,,,,
294,iati-activities/iati-activity/related-activity/@ref,,ref,,,,
295,iati-activities/iati-activity/related-activity/@type,,type,,,,
296,iati-activities/iati-activity/legacy-data,legacy-data,,,,,
297,iati-activities/iati-activity/legacy-data/@name,,name,,,,
298,iati-activities/iati-activity/legacy-data/@value,,value,,,,
299,iati-activities/iati-activity/legacy-data/@iati-equivalent,,iati-equivalent,,,,
300,iati-activities/iati-activity/conditions,conditions,,,,,
301,iati-activities/iati-activity/conditions/@attached,,attached,,,,
302,iati-activities/iati-activity/conditions/condition,,condition,,,,
303,iati-activities/iati-activity/conditions/condition/@type,,type,,,,
304,iati-activities/iati-activity/conditions/condition/narrative,,narrative,,,,
305,iati-activities/iati-activity/conditions/condition/narrative/text(),,,,,,
306,iati-activities/iati-activity/conditions/condition/narrative/@xml:lang,,xml:lang,,,,
307,iati-activities/iati-activity/result,result,,,,,
308,iati-activities/iati-activity/result/@type,,type,,,,
309,iati-activities/iati-activity/result/@aggregation-status,,aggregation-status,,,,
310,iati-activities/iati-activity/result/title,,title,,,,
311,iati-activities/iati-activity/result/title/narrative,,narrative,,,,
312,iati-activities/iati-activity/result/title/narrative/text(),,,,,,
313,iati-activities/iati-activity/result/title/narrative/@xml:lang,,xml:lang,,,,
314,iati-activities/iati-activity/result/description,,description,,,,
315,iati-activities/iati-activity/result/description/narrative,,narrative,,,,
316,iati-activities/iati-activity/result/description/narrative/text(),,,,,,
317,iati-activities/iati-activity/result/description/narrative/@xml:lang,,xml:lang,,,,
318,iati-activities/iati-activity/result/document-link,,document-link,,,,
319,iati-activities/iati-activity/result/document-link/@url,,url,,,,
320,iati-activities/iati-activity/result/document-link/@format,,format,,,,
321,iati-activities/iati-activity/result/document-link/title,,title,,,,
322,iati-activities/iati-activity/result/document-link/title/narrative,,narrative,,,,
323,iati-activities/iati-activity/result/document-link/title/narrative/text(),,,,,,
324,iati-activities/iati-activity/result/document-link/title/narrative/@xml:lang,,xml:lang,,,,
325,iati-activities/iati-activity/result/document-link/description,,description,,,,
326,iati-activities/iati-activity/result/document-link/description/narrative,,narrative,,,,
327,iati-activities/iati-activity/result/document-link/description/narrative/text(),,,,,,
328,iati-activities/iati-activity/result/document-link/description/narrative/@xml:lang,,xml:lang,,,,
329,iati-activities/iati-activity/result/document-link/category,,category,,,,
330,iati-activities/iati-activity/result/document-link/category/@code,,code,,,,
331,iati-activities/iati-activity/result/document-link/language,,language,,,,
332,iati-activities/iati-activity/result/document-link/language/@code,,code,,,,
333,iati-activities/iati-activity/result/document-link/document-date,,document-date,,,,
334,iati-activities/iati-activity/result/document-link/document-date/@iso-date,,iso-date,,,,
335,iati-activities/iati-activity/result/reference,,reference,,,,
336,iati-activities/iati-activity/result/reference/@code,,code,,,,
337,iati-activities/iati-activity/result/reference/@vocabulary,,vocabulary,,,,
338,iati-activities/iati-activity/result/reference/@vocabulary-uri,,vocabulary-uri,,,,
339,iati-activities/iati-activity/result/indicator,,indicator,,,,
340,iati-activities/iati-activity/result/indicator/@measure,,measure,,,,
341,iati-activities/iati-activity/result/indicator/@ascending,,ascending,,,,
342,iati-activities/iati-activity/result/indicator/@aggregation-status,,aggregation-status,,,,
343,iati-activities/iati-activity/result/indicator/title,,title,,,,
344,iati-activities/iati-activity/result/indicator/title/narrative,,narrative,,,,
345,iati-activities/iati-activity/result/indicator/title/narrative/text(),,,,,,
346,iati-activities/iati-activity/result/indicator/title/narrative/@xml:lang,,xml:lang,,,,
347,iati-activities/iati-activity/result/indicator/description,,description,,,,
348,iati-activities/iati-activity/result/indicator/description/narrative,,narrative,,,,
349,iati-activities/iati-activity/result/indicator/description/narrative/text(),,,,,,
350,iati-activities/iati-activity/result/indicator/description/narrative/@xml:lang,,xml:lang,,,,
351,iati-activities/iati-activity/result/indicator/document-link,,document-link,,,,
352,iati-activities/iati-activity/result/indicator/document-link/@url,,url,,,,
353,iati-activities/iati-activity/result/indicator/document-link/@format,,format,,,,
354,iati-activities/iati-activity/result/indicator/document-link/title,,title,,,,
355,iati-activities/iati-activity/result/indicator/document-link/title/narrative,,narrative,,,,
356,iati-activities/iati-activity/result/indicator/document-link/title/narrative/text(),,,,,,
357,iati-activities/iati-activity/result/indicator/document-link/title/narrative/@xml:lang,,xml:lang,,,,
358,iati-activities/iati-activity/result/indicator/document-link/description,,description,,,,
359,iati-activities/iati-activity/result/indicator/document-link/description/narrative,,narrative,,,,
360,iati-activities/iati-activity/result/indicator/document-link/description/narrative/text(),,,,,,
361,iati-activities/iati-activity/result/indicator/document-link/description/narrative/@xml:lang,,xml:lang,,,,
362,iati-activities/iati-activity/result/indicator/document-link/category,,category,,,,
363,iati-activities/iati-activity/result/indicator/document-link/category/@code,,code,,,,
364,iati-activities/iati-activity/result/indicator/document-link/language,,language,,,,
365,iati-activities/iati-activity/result/indicator/document-link/language/@code,,code,,,,
366,iati-activities/iati-activity/result/indicator/document-link/document-date,,document-date,,,,
367,iati-activities/iati-activity/result/indicator/document-link/document-date/@iso-date,,iso-date,,,,
368,iati-activities/iati-activity/result/indicator/reference,,reference,,,,
369,iati-activities/iati-activity/result/indicator/reference/@vocabulary,,vocabulary,,,,
370,iati-activities/iati-activity/result/indicator/reference/@code,,code,,,,
371,iati-activities/iati-activity/result/indicator/reference/@indicator-uri,,indicator-uri,,,,
372,iati-activities/iati-activity/result/indicator/baseline,,baseline,,,,
373,iati-activities/iati-activity/result/indicator/baseline/@iso-date,,iso-date,,,,
374,iati-activities/iati-activity/result/indicator/baseline/@year,,year,,,,
375,iati-activities/iati-activity/result/indicator/baseline/@value,,value,,,,
376,iati-activities/iati-activity/result/indicator/baseline/location,,location,,,,
377,iati-activities/iati-activity/result/indicator/baseline/location/@ref,,ref,,,,
378,iati-activities/iati-activity/result/indicator/baseline/dimension,,dimension,,,,
379,iati-activities/iati-activity/result/indicator/baseline/dimension/@name,,name,,,,
380,iati-activities/iati-activity/result/indicator/baseline/dimension/@value,,value,,,,
381,iati-activities/iati-activity/result/indicator/baseline/document-link,,document-link,,,,
382,iati-activities/iati-activity/result/indicator/baseline/document-link/@url,,url,,,,
383,iati-activities/iati-activity/result/indicator/baseline/document-link/@format,,format,,,,
384,iati-activities/iati-activity/result/indicator/baseline/document-link/title,,title,,,,
385,iati-activities/iati-activity/result/indicator/baseline/document-link/title/narrative,,narrative,,,,
386,iati-activities/iati-activity/result/indicator/baseline/document-link/title/narrative/text(),,,,,,
387,iati-activities/iati-activity/result/indicator/baseline/document-link/title/narrative/@xml:lang,,xml:lang,,,,
388,iati-activities/iati-activity/result/indicator/baseline/document-link/description,,description,,,,
389,iati-activities/iati-activity/result/indicator/baseline/document-link/description/narrative,,narrative,,,,
390,iati-activities/iati-activity/result/indicator/baseline/document-link/description/narrative/text(),,,,,,
391,iati-activities/iati-activity/result/indicator/baseline/document-link/description/narrative/@xml:lang,,xml:lang,,,,
392,iati-activities/iati-activity/result/indicator/baseline/document-link/category,,category,,,,
393,iati-activities/iati-activity/result/indicator/baseline/document-link/category/@code,,code,,,,
394,iati-activities/iati-activity/result/indicator/baseline/document-link/language,,language,,,,
395,iati-activities/iati-activity/result/indicator/baseline/document-link/language/@code,,code,,,,
396,iati-activities/iati-activity/result/indicator/baseline/document-link/document-date,,document-date,,,,
397,iati-activities/iati-activity/result/indicator/baseline/document-link/document-date/@iso-date,,iso-date,,,,
398,iati-activities/iati-activity/result/indicator/baseline/comment,,comment,,,,
399,iati-activities/iati-activity/result/indicator/baseline/comment/narrative,,narrative,,,,
400,iati-activities/iati-activity/result/indicator/baseline/comment/narrative/text(),,,,,,
401,iati-activities/iati-activity/result/indicator/baseline/comment/narrative/@xml:lang,,xml:lang,,,,
402,iati-activities/iati-activity/result/indicator/period,,period,,,,
403,iati-activities/iati-activity/result/indicator/period/period-start,,period-start,,,,
404,iati-activities/iati-activity/result/indicator/period/period-start/@iso-date,,iso-date,,,,
405,iati-activities/iati-activity/result/indicator/period/period-end,,period-end,,,,
406,iati-activities/iati-activity/result/indicator/period/period-end/@iso-date,,iso-date,,,,
407,iati-activities/iati-activity/result/indicator/period/target,,target,,,,
408,iati-activities/iati-activity/result/indicator/period/target/@value,,value,,,,
409,iati-activities/iati-activity/result/indicator/period/target/location,,location,,,,
410,iati-activities/iati-activity/result/indicator/period/target/location/@ref,,ref,,,,
411,iati-activities/iati-activity/result/indicator/period/target/dimension,,dimension,,,,
412,iati-activities/iati-activity/result/indicator/period/target/dimension/@name,,name,,,,
413,iati-activities/iati-activity/result/indicator/period/target/dimension/@value,,value,,,,
414,iati-activities/iati-activity/result/indicator/period/target/comment,,comment,,,,
415,iati-activities/iati-activity/result/indicator/period/target/comment/narrative,,narrative,,,,
416,iati-activities/iati-activity/result/indicator/period/target/comment/narrative/text(),,,,,,
417,iati-activities/iati-activity/result/indicator/period/target/comment/narrative/@xml:lang,,xml:lang,,,,
418,iati-activities/iati-activity/result/indicator/period/target/document-link,,document-link,,,,
419,iati-activities/iati-activity/result/indicator/period/target/document-link/@url,,url,,,,
420,iati-activities/iati-activity/result/indicator/period/target/document-link/@format,,format,,,,
421,iati-activities/iati-activity/result/indicator/period/target/document-link/title,,title,,,,
422,iati-activities/iati-activity/result/indicator/period/target/document-link/title/narrative,,narrative,,,,
423,iati-activities/iati-activity/result/indicator/period/target/document-link/title/narrative/text(),,,,,,
424,iati-activities/iati-activity/result/indicator/period/target/document-link/title/narrative/@xml:lang,,xml:lang,,,,
425,iati-activities/iati-activity/result/indicator/period/target/document-link/description,,description,,,,
426,iati-activities/iati-activity/result/indicator/period/target/document-link/description/narrative,,narrative,,,,
427,iati-activities/iati-activity/result/indicator/period/target/document-link/description/narrative/text(),,,,,,
428,iati-activities/iati-activity/result/indicator/period/target/document-link/description/narrative/@xml:lang,,xml:lang,,,,
429,iati-activities/iati-activity/result/indicator/period/target/document-link/category,,category,,,,
430,iati-activities/iati-activity/result/indicator/period/target/document-link/category/@code,,code,,,,
431,iati-activities/iati-activity/result/indicator/period/target/document-link/language,,language,,,,
432,iati-activities/iati-activity/result/indicator/period/target/document-link/language/@code,,code,,,,
433,iati-activities/iati-activity/result/indicator/period/target/document-link/document-date,,document-date,,,,
434,iati-activities/iati-activity/result/indicator/period/target/document-link/document-date/@iso-date,,iso-date,,,,
435,iati-activities/iati-activity/result/indicator/period/actual,,actual,,,,
436,iati-activities/iati-activity/result/indicator/period/actual/@value,,value,,,,
437,iati-activities/iati-activity/result/indicator/period/actual/location,,location,,,,
438,iati-activities/iati-activity/result/indicator/period/actual/location/@ref,,ref,,,,
439,iati-activities/iati-activity/result/indicator/period/actual/dimension,,dimension,,,,
440,iati-activities/iati-activity/result/indicator/period/actual/dimension/@name,,name,,,,
441,iati-activities/iati-activity/result/indicator/period/actual/dimension/@value,,value,,,,
442,iati-activities/iati-activity/result/indicator/period/actual/comment,,comment,,,,
443,iati-activities/iati-activity/result/indicator/period/actual/comment/narrative,,narrative,,,,
444,iati-activities/iati-activity/result/indicator/period/actual/comment/narrative/text(),,,,,,
445,iati-activities/iati-activity/result/indicator/period/actual/comment/narrative/@xml:lang,,xml:lang,,,,
446,iati-activities/iati-activity/result/indicator/period/actual/document-link,,document-link,,,,
447,iati-activities/iati-activity/result/indicator/period/actual/document-link/@url,,url,,,,
448,iati-activities/iati-activity/result/indicator/period/actual/document-link/@format,,format,,,,
449,iati-activities/iati-activity/result/indicator/period/actual/document-link/title,,title,,,,
450,iati-activities/iati-activity/result/indicator/period/actual/document-link/title/narrative,,narrative,,,,
451,iati-activities/iati-activity/result/indicator/period/actual/document-link/title/narrative/text(),,,,,,
452,iati-activities/iati-activity/result/indicator/period/actual/document-link/title/narrative/@xml:lang,,xml:lang,,,,
453,iati-activities/iati-activity/result/indicator/period/actual/document-link/description,,description,,,,
454,iati-activities/iati-activity/result/indicator/period/actual/document-link/description/narrative,,narrative,,,,
455,iati-activities/iati-activity/result/indicator/period/actual/document-link/description/narrative/text(),,,,,,
456,iati-activities/iati-activity/result/indicator/period/actual/document-link/description/narrative/@xml:lang,,xml:lang,,,,
457,iati-activities/iati-activity/result/indicator/period/actual/document-link/category,,category,,,,
458,iati-activities/iati-activity/result/indicator/period/actual/document-link/category/@code,,code,,,,
459,iati-activities/iati-activity/result/indicator/period/actual/document-link/language,,language,,,,
460,iati-activities/iati-activity/result/indicator/period/actual/document-link/language/@code,,code,,,,
461,iati-activities/iati-activity/result/indicator/period/actual/document-link/document-date,,document-date,,,,
462,iati-activities/iati-activity/result/indicator/period/actual/document-link/document-date/@iso-date,,iso-date,,,,
463,iati-activities/iati-activity/crs-add,crs-add,,,,,
464,iati-activities/iati-activity/crs-add/other-flags,,other-flags,,,,
465,iati-activities/iati-activity/crs-add/other-flags/@code,,code,,,,
466,iati-activities/iati-activity/crs-add/other-flags/@significance,,significance,,,,
467,iati-activities/iati-activity/crs-add/loan-terms,,loan-terms,,,,
468,iati-activities/iati-activity/crs-add/loan-terms/@rate-1,,rate-1,,,,
469,iati-activities/iati-activity/crs-add/loan-terms/@rate-2,,rate-2,,,,
470,iati-activities/iati-activity/crs-add/loan-terms/repayment-type,,repayment-type,,,,
471,iati-activities/iati-activity/crs-add/loan-terms/repayment-type/@code,,code,,,,
472,iati-activities/iati-activity/crs-add/loan-terms/repayment-plan,,repayment-plan,,,,
473,iati-activities/iati-activity/crs-add/loan-terms/repayment-plan/@code,,code,,,,
474,iati-activities/iati-activity/crs-add/loan-terms/commitment-date,,commitment-date,,,,
475,iati-activities/iati-activity/crs-add/loan-terms/commitment-date/@iso-date,,iso-date,,,,
476,iati-activities/iati-activity/crs-add/loan-terms/repayment-first-date,,repayment-first-date,,,,
477,iati-activities/iati-activity/crs-add/loan-terms/repayment-first-date/@iso-date,,iso-date,,,,
478,iati-activities/iati-activity/crs-add/loan-terms/repayment-final-date,,repayment-final-date,,,,
479,iati-activities/iati-activity/crs-add/loan-terms/repayment-final-date/@iso-date,,iso-date,,,,
480,iati-activities/iati-activity/crs-add/loan-status,,loan-status,,,,
481,iati-activities/iati-activity/crs-add/loan-status/@year,,year,,,,
482,iati-activities/iati-activity/crs-add/loan-status/@currency,,currency,,,,
483,iati-activities/iati-activity/crs-add/loan-status/@value-date,,value-date,,,,
484,iati-activities/iati-activity/crs-add/loan-status/interest-received,,interest-received,,,,
485,iati-activities/iati-activity/crs-add/loan-status/principal-outstanding,,principal-outstanding,,,,
486,iati-activities/iati-activity/crs-add/loan-status/principal-arrears,,principal-arrears,,,,
487,iati-activities/iati-activity/crs-add/loan-status/interest-arrears,,interest-arrears,,,,
488,iati-activities/iati-activity/crs-add/channel-code,,channel-code,,,,
489,iati-activities/iati-activity/fss,fss,,,,,
490,iati-activities/iati-activity/fss/@extraction-date,,extraction-date,,,,
491,iati-activities/iati-activity/fss/@priority,,priority,,,,
492,iati-activities/iati-activity/fss/@phaseout-year,,phaseout-year,,,,
493,iati-activities/iati-activity/fss/forecast,,forecast,,,,
494,iati-activities/iati-activity/fss/forecast/text(),,,,,,
495,iati-activities/iati-activity/fss/forecast/@year,,year,,,,
496,iati-activities/iati-activity/fss/forecast/@currency,,currency,,,,
497,iati-activities/iati-activity/fss/forecast/@value-date,,value-date,,,,